Akershus; https://tjenester.nav.no/stillinger/stillinger?rpp=20&rv=al&sort=akt&l1=62871
Aust-Agder; https://tjenester.nav.no/stillinger/stillinger?rpp=20&rv=al&sort=akt&l1=62878
Buskerud; https://tjenester.nav.no/stillinger/stillinger?rpp=20&rv=al&sort=akt&l1=62875
Finnmark; https://tjenester.nav.no/stillinger/stillinger?rpp=20&rv=al&sort=akt&l1=62888
Hedemark; https://tjenester.nav.no/stillinger/stillinger?rpp=20&rv=al&sort=akt&l1=62873
Hordaland; https://tjenester.nav.no/stillinger/stillinger?rpp=20&rv=al&sort=akt&l1=62881
Møre og Romsdal; https://tjenester.nav.no/stillinger/stillinger?rpp=20&rv=al&sort=akt&l1=62883
Nordland; https://tjenester.nav.no/stillinger/stillinger?rpp=20&rv=al&sort=akt&l1=62886
Oppland; https://tjenester.nav.no/stillinger/stillinger?rpp=20&rv=al&sort=akt&l1=62874
Oslo; https://tjenester.nav.no/stillinger/stillinger?rpp=20&rv=al&sort=akt&l1=62872
Rogaland; https://tjenester.nav.no/stillinger/stillinger?rpp=20&rv=al&sort=akt&l1=62880
Sogn og Fjordane; https://tjenester.nav.no/stillinger/stillinger?rpp=20&rv=al&sort=akt&l1=62882
Telemark; https://tjenester.nav.no/stillinger/stillinger?rpp=20&rv=al&sort=akt&l1=62877
Troms; https://tjenester.nav.no/stillinger/stillinger?rpp=20&rv=al&sort=akt&l1=62887
Trøndelag; https://tjenester.nav.no/stillinger/stillinger?rpp=20&rv=al&sort=akt&l1=129904
Vest-Agder; https://tjenester.nav.no/stillinger/stillinger?rpp=20&rv=al&sort=akt&l1=62879
Vestfold; https://tjenester.nav.no/stillinger/stillinger?rpp=20&rv=al&sort=akt&l1=62876
Østfold; https://tjenester.nav.no/stillinger/stillinger?rpp=20&rv=al&sort=akt&l1=62870
Øvrig; https://tjenester.nav.no/stillinger/stillinger?rpp=20&rv=al&sort=akt&l1=93678
Generelt; https://tjenester.nav.no/stillinger/stillinger?rpp=20&rv=al&sort=akt&l1=11001163569
Alle; https://tjenester.nav.no/stillinger/stillinger?rpp=20&rv=al&sort=akt